model,split,r2,rmse_volpts,vw_rmse_volpts,bf_violation_pct,cal_violation_pct
svi,train,,5.530698359138797,,0.0967640996687232,0.0538397279775981
nn_raw,val,0.4414738041578394,10.698497701489956,6.221984686768192,8.621633903914052,0.5283677908595373
nn_full,val,0.962201012990147,3.737503619534445,2.5395972999090213,5.540342659162501,0.1690719763556485
svi,val,,4.990025158343535,,0.0412001492113512,0.0568227563526912
poly_2feat,test_temporal,0.1610130258825944,11.73803799313102,,0.0,0.308037499940241
nn_raw,test_temporal,0.3178792388280117,11.521334117591596,6.110502431237485,7.338470094311624,0.6339230081543088
poly_5feat,test_temporal,0.507369712894247,10.297993570656857,,0.041349581173406,0.8535172528090693
nn_full,test_temporal,0.9638994143542672,4.722987108812918,3.1763878659178575,5.817756403422074,0.2181600297041852
svi,test_temporal,,4.666236559394477,,0.1670472977880355,0.1116461830961154
poly_2feat,test_ticker,0.2287652111194107,15.029934694543623,,0.0257005283726274,0.4557262552798793
nn_raw,test_ticker,0.2594232749213674,16.70451437411229,11.885831436813833,10.66609722358704,1.0244693695854556
poly_5feat,test_ticker,-0.044287064793147,20.574788447397022,,0.3057606978449351,0.4573523971363641
nn_full,test_ticker,0.7363985767203235,8.161323234623524,6.332048560890155,5.930396921983778,0.7183481651021827
svi,test_ticker,,6.459433456332278,,0.0420089619118745,0.162599576484824
