alpha,train_rmse_vol,val_rmse_vol,val_bf_rate,val_cal_rate
0.1,0.13831342699593643,0.11220422630208775,0.002179004649320081,0.005390866397409183
0.17012542798525893,0.13831302293039746,0.11220389650535374,0.002179004649320081,0.005390866397409183
0.2894266124716751,0.13831233564302273,0.11220333554587432,0.002179004649320081,0.005390866397409183
0.4923882631706739,0.13831116677100666,0.11220238152542619,0.0021777099347334377,0.005386578857856631
0.837677640068292,0.13830917931745457,0.1122007594030542,0.0021777099347334377,0.00538514967800578
1.4251026703029985,0.13830580131917866,0.11219800238847029,0.0021777099347334377,0.005380862138453227
2.424462017082328,0.13830006362974437,0.11219331959788334,0.002179004649320081,0.005379432958602376
4.1246263829013525,0.13829032874239824,0.11218537488590707,0.0021725310763868657,0.005370857879497272
7.01703828670383,0.13827384315952762,0.1121719219755767,0.0021634680742803653,0.00536799951979557
11.93776641714437,0.13824601472844636,0.11214921604475032,0.0021531103575872217,0.005346561822032809
20.30917620904737,0.13819929179870516,0.11211110310284536,0.0021349843533742204,0.005323694944419196
34.551072945922215,0.13812155226913136,0.11204771768793334,0.0021142689199879334,0.005280819548893672
58.780160722749116,0.1379941350606824,0.11194391404466418,0.00206895390945543,0.0052107897362019834
100.0,0.13779035921929444,0.11177817246041835,0.00200292346553664,0.005120751405598384
170.1254279852589,0.13747694512958342,0.1115241039215438,0.0018941674402586323,0.004913520327225019
289.4266124716752,0.13702274914598125,0.11115855167856292,0.0017621065524210514,0.004617680098098905
492.3882631706742,0.136418048335513,0.11067968675093841,0.0016300456645834708,0.004154625826423249
837.6776400682925,0.13569642405555696,0.11012890231362792,0.0015368262143451786,0.0033700060883061645
1425.1026703029993,0.13493547414352794,0.10959330630404351,0.0015096372080256769,0.0023724385524123127
2424.462017082331,0.13422604728117846,0.1091696775953795,0.0013982917535743833,0.0013505749590539972
4124.626382901356,0.13363858148943733,0.10891389739643617,0.0012998934449895193,1.4291798508507908e-06
7017.038286703837,0.13319723417428816,0.1088206384463555,0.0011781902738450822,1.4291798508507908e-06
11937.766417144381,0.13285622350161166,0.10883098088981778,0.000985277800435283,1.4291798508507908e-06
20309.17620904739,0.13250492840937753,0.10884938407132454,0.000717271881000193,5.8596373884882424e-05
34551.072945922184,0.13198589344053396,0.10879621613450188,0.00043761353028531625,0.00016435568284784094
58780.16072274912,0.1311518851694756,0.10865925466969548,0.00019161775882315624,0.000730310903784754
100000.0,0.12994238349404164,0.10846795350431745,4.2725581359217265e-05,0.0013805877359218638
170125.42798525892,0.12838520087949704,0.10826493354040233,1.2947145866429474e-06,0.0020222894889538687
289426.61247167515,0.12659425285886186,0.10816605545086452,0.0,0.0021494864956795893
492388.26317067415,0.12481889396236337,0.10844404673862308,0.0,0.0016492735478818125
837677.6400682924,0.12346281850475868,0.10948296269134249,0.0,0.0010747432478397947
1425102.6703029992,0.12294653764634486,0.11154534227589893,0.0,0.0005916804582522274
2424462.017082331,0.12346687695016006,0.11454862954633227,0.0,0.00023581467539038047
4124626.3829013566,0.12487435292282811,0.11807104117833309,0.0,2.7154417166165023e-05
7017038.286703837,0.12675634037486683,0.12155730975689137,0.0,0.0
11937766.417144358,0.12866911648927926,0.12457852470924465,0.0,0.0
20309176.20904739,0.130330788617749,0.12695906539004592,0.0,0.0
34551072.94592218,0.13164696033518905,0.12871835601988366,0.0,0.0
58780160.72274924,0.1326277833004448,0.12995804351240858,0.0,0.0
100000000.0,0.1333197995479132,0.13079529532698225,0.0,0.0
